Name,Horas,Porc
01-Holiday,80.0,0.47619047619047616
Akae,33.5,0.19940476190476192
SGI,109.25,0.6502976190476191
WaterFacility,25.25,0.15029761904761904
